# chapter	number	why it is not a registered claim
#
# Every exception needs a reason. An exception nobody had to justify is how a
# check quietly stops working — see the header of checks/coverage.py.
#
*	2026	calendar year, in tournament and patch names
21	7854	derived: 19106 - 11252, both operands registered and both printed in the chapter
01	29	derived: 59 hero deaths minus the 30 outside fight windows, both registered
02	70	derived: the zero-observer window 6:39–7:48 inclusive, both endpoints registered as wards_standing_side_at obs:dire = 0
12	19	derived: the length of the registered expensive-item list minus the six named in the sentence
