# term	file	count	why this file may say it
#
# Declared historical mentions. A decision record that cannot state what it
# replaced is a worse document, so the retired check freezes counts rather than
# banning words. Raising a number here should feel like a decision.
Roshan and the Two-Minute Window	CONTEXT.md	1	the register records the rename and the patch that forced it
The Queue Is Part of the Game	CONTEXT.md	1	the register records the rename and the reason it was promoted
The Item You Want and the Item That Wins	NOTES.md	1	the ch. 12 plan predates the retitle and is kept as written
until target-bracket evidence supports it	CONTEXT.md	1	the decision record states the promise it replaced and why it could never run
until target-bracket evidence supports it	NOTES.md	2	the settled open question and the handover analysis both quote the original wording
contains no positions	CONTEXT.md	1	the error ledger quotes the false claim it is recording, which is the entry's whole point
leaving was still free	NOTES.md	2	the review log quotes the retired phrase twice while recording where it survived and why
leaving was still free	CONTEXT.md	1	the runbook cites the phrase as the worked example of a forward reference going stale
